agua,facil
taco,facil
dato,facil
pato,facil
vano,facil
palo,facil
tala,facil
salto,facil
faro,facil
lomo,facil
moco,facil
nube,facil
musa,facil
loto,facil
jaula,facil
calo,facil
nata,facil
lava,facil
roca,facil
vino,facil
piso,facil
taco,facil
topo,facil
pato,facil
kilo,facil
rizo,facil
lino,facil
sofa,facil
polo,facil
lira,facil
mina,facil
gala,facil
rima,facil
mago,facil
jaque,facil
tela,facil
hoja,facil
subi,facil
tubo,facil
dona,facil
luna,facil
pelo,facil
mate,facil
capa,facil
vaso,facil
toro,facil
mono,facil
uvas,facil
lobo,facil
loro,facil
yate,facil
palo,facil
saga,facil
pago,facil
dama,facil
musa,facil
gala,facil
jalo,facil
lelo,facil
miga,facil
dato,facil
vano,facil
cine,facil
paso,facil
vela,facil
tiro,facil
muro,facil
limo,facil
taxi,facil
topo,facil
silo,facil
tiro,facil
lobo,facil
lino,facil
salo,facil
judo,facil
rolo,facil
beso,facil
reja,facil
nave,facil
foco,facil
sala,facil
kilo,facil
fila,facil
ruda,facil
dama,facil
lelo,facil
mazo,facil
piso,facil
pico,facil
faja,facil
bote,facil
pato,facil
vara,facil
rata,facil
tapa,facil
hilo,facil
mula,facil
cola,facil
taco,facil
nata,facil
gala,facil
mola,facil
rayo,facil
yuca,facil
poli,facil
lira,facil
topo,facil
mico,facil
jefa,facil
piso,facil
limo,facil
tuna,facil
jeta,facil
foca,facil
mono,facil
sala,facil
vino,facil
rima,facil
pato,facil
hoja,facil
tabla,facil
gala,facil
lobo,facil
tila,facil
tubo,facil
mate,facil
loma,facil
nido,facil
loro,facil
yate,facil
tila,facil
luna,facil
dona,facil
ledo,facil
pelo,facil
rizo,facil
subi,facil
saga,facil
mapa,facil
capa,facil
tasa,facil
miga,facil
bola,facil
rama,facil
pago,facil
jala,facil
lena,facil
cima,facil
mola,facil
mulo,facil
nata,facil
lino,facil
taco,facil
tila,facil
sala,facil
gala,facil
polo,facil
lira,facil
cola,facil
mono,facil
pato,facil
bola,facil
rama,facil
tila,facil
taco,facil
poli,facil
salo,facil
rayo,facil
tasa,facil
sube,facil
ledo,facil
luna,facil
rizo,facil
foca,facil
mulo,facil
mate,facil
mapa,facil
loma,facil
tila,facil
puma,facil
cima,facil
pico,facil
cola,facil
leña,facil
faja,facil
bote,facil
tila,facil
taco,facil
foca,facil
rima,facil
jefa,facil
mozo,facil
lama,facil
tuna,facil
nata,facil
mono,facil
dato,facil
lomo,facil
limo,facil
moto,facil
pelo,facil
jalo,facil
gala,facil
poli,facil
lira,facil
jefa,facil
kilo,facil
lino,facil
lobo,facil
loro,facil
lelo,facil
uvas,facil
rubi,facil
topo,facil
yate,facil
pico,facil
calo,facil
jalo,facil
bola,facil
rama,facil
rima,facil
miga,facil
saga,facil
mago,facil
mapa,facil
leña,facil
faja,facil
bote,facil
rizo,facil
tila,facil
lira,facil
mate,facil
cola,facil
rayo,facil
capa,facil
taco,facil
pelo,facil
tasa,facil
salo,facil
foca,facil
ledo,facil
sube,facil
mulo,facil
tela,facil
poli,facil
luna,facil
lima,facil
puma,facil
dona,facil
vaso,facil
casa,facil
mesa,facil
barco,facil
coche,facil
silla,facil
perro,facil
gato,facil
reloj,facil
viento,facil
luz,facil
sol,facil
luna,facil
lima,facil
pato,facil
rana,facil
vino,facil
nube,facil
dado,facil
hoja,facil
kilo,facil
sofa,facil
lino,facil
campo,facil
monte,facil
parque,facil
playa,facil
rio,facil
nube,facil
tierra,facil
flor,facil
fruta,facil
carne,facil
queso,facil
leche,facil
huevo,facil
pan,facil
sal,facil
azucar,facil
miel,facil
oro,facil
plata,facil
cobre,facil
hierro,facil
papel,facil
libro,facil
tinta,facil
pluma,facil
bolso,facil
caja,facil
puerta,facil
ventana,facil
techo,facil
suelo,facil
pared,facil
foco,facil
faro,facil
calle,facil
plaza,facil
puente,facil
cuerda,facil
madera,facil
piedra,facil
arena,facil
fuego,facil
calor,facil
frio,facil
hielo,facil
sombra,facil
aire,facil
mano,facil
pie,facil
ojo,facil
boca,facil
cara,facil
nariz,facil
oreja,facil
pelo,facil
piel,facil
hueso,facil
sangre,facil
corazon,facil
brazo,facil
dedo,facil
uña,facil
espalda,facil
pecho,facil
barriga,facil
pierna,facil
rodilla,facil
codo,facil
lago,facil
isla,facil
bosque,facil
camino,facil
jardin,facil
ciudad,facil
pueblo,facil
torre,facil
templo,facil
castillo,facil
banco,facil
roca,facil
verde,facil
azul,facil
rojo,facil
negro,facil
blanco,facil
rosa,facil
amarillo,facil
morado,facil
gris,facil
avena,facil
bebida,facil
bomba,facil
cielo,facil
dado,facil
diente,facil
gallina,facil
jugo,facil
nido,facil
olla,facil
pato,facil
pez,facil
rata,facil
salud,facil
te,facil
uva,facil
vino,facil
zapato,facil
arbol,normal
amigo,normal
tomate,normal
zapato,normal
espejo,normal
tomate,normal
corona,normal
planeta,normal
laguna,normal
piloto,normal
madera,normal
plumas,normal
ratona,normal
amigo,normal
zanate,normal
velero,normal
celeste,normal
gigante,normal
piñata,normal
alambre,normal
cebolla,normal
guitarra,normal
jabali,normal
paloma,normal
jornada,normal
paleta,normal
sandia,normal
castor,normal
corral,normal
molino,normal
estrella,normal
palacio,normal
canasta,normal
lagarto,normal
rosalio,normal
cebiche,normal
guitarra,normal
jabali,normal
anillo,normal
paleta,normal
manada,normal
castor,normal
sierra,normal
cebolla,normal
tamano,normal
bandido,normal
medalla,normal
caracol,normal
batata,normal
sillon,normal
regalo,normal
helado,normal
bosque,normal
marina,normal
caleta,normal
zanate,normal
gigante,normal
sonata,normal
amigo,normal
laguna,normal
espejo,normal
tomate,normal
corona,normal
planeta,normal
piloto,normal
madera,normal
plumas,normal
ratona,normal
barril,normal
sabana,normal
jornada,normal
medalla,normal
bosque,normal
jabali,normal
anillo,normal
paleta,normal
manada,normal
zapato,normal
lagarto,normal
cantera,normal
morrion,normal
piragua,normal
marmota,normal
colchon,normal
alfiler,normal
malabar,normal
diamante,normal
paladar,normal
sandalo,normal
rosado,normal
limonero,normal
peineta,normal
bandeja,normal
pistilo,normal
trastero,normal
polilla,normal
canario,normal
aceite,normal
dulce,normal
ladera,normal
faroles,normal
barraca,normal
marmol,normal
anzuelo,normal
bigote,normal
cordero,normal
jabillo,normal
palmera,normal
ventana,normal
perrera,normal
patines,normal
canicas,normal
organza,normal
lirios,normal
maguey,normal
lagarto,normal
tarima,normal
bombilla,normal
manteca,normal
tomate,normal
gallina,normal
sabroso,normal
remolque,normal
cebolla,normal
patilla,normal
polines,normal
colinas,normal
guayaba,normal
sierra,normal
anillo,normal
bandido,normal
tamano,normal
rosalio,normal
medalla,normal
caracol,normal
batata,normal
molino,normal
regalo,normal
sillon,normal
velero,normal
helado,normal
bosque,normal
marina,normal
caleta,normal
zanate,normal
gigante,normal
sonata,normal
cebiche,normal
amigo,normal
laguna,normal
espejo,normal
tomate,normal
corona,normal
planeta,normal
piloto,normal
madera,normal
plumas,normal
ratona,normal
barril,normal
sabana,normal
jornada,normal
medalla,normal
bosque,normal
jabali,normal
anillo,normal
paleta,normal
manada,normal
zapato,normal
cebiche,normal
jabali,normal
anillo,normal
paleta,normal
manada,normal
sierra,normal
cebolla,normal
guitarra,normal
bandido,normal
tamano,normal
rosalio,normal
medalla,normal
caracol,normal
batata,normal
molino,normal
regalo,normal
sillon,normal
velero,normal
helado,normal
bosque,normal
marina,normal
caleta,normal
zanate,normal
gigante,normal
sonata,normal
cebiche,normal
amigo,normal
laguna,normal
espejo,normal
tomate,normal
corona,normal
planeta,normal
piloto,normal
madera,normal
plumas,normal
ratona,normal
barril,normal
sabana,normal
jornada,normal
medalla,normal
bosque,normal
jabali,normal
anillo,normal
paleta,normal
manada,normal
zapato,normal
cebiche,normal
jabali,normal
anillo,normal
paleta,normal
sonata,normal
marina,normal
caleta,normal
jornada,normal
paloma,normal
barril,normal
sabana,normal
medalla,normal
bosque,normal
caracol,normal
batata,normal
helado,normal
regalo,normal
sillon,normal
molino,normal
sandia,normal
carta,normal
rosalio,normal
pelota,normal
cebolla,normal
guitarra,normal
cebiche,normal
jabali,normal
anillo,normal
paleta,normal
manada,normal
sandio,normal
leopardo,normal
piñata,normal
remera,normal
castor,normal
bandido,normal
tamano,normal
rosalio,normal
sierra,normal
espejo,normal
corona,normal
planeta,normal
laguna,normal
piloto,normal
madera,normal
plumas,normal
ratona,normal
avion,normal
bueno,normal
burro,normal
canto,normal
carro,normal
carta,normal
cerca,normal
cerro,normal
clima,normal
cobra,normal
comer,normal
coral,normal
cruce,normal
cuero,normal
dedos,normal
ducha,normal
error,normal
famoso,normal
fiebre,normal
gente,normal
gorro,normal
grano,normal
grito,normal
grupo,normal
habla,normal
hilos,normal
invierno,normal
juego,normal
labios,normal
largo,normal
latir,normal
llave,normal
lucha,normal
lugar,normal
mango,normal
mantel,normal
marco,normal
marzo,normal
mirar,normal
mujer,normal
nacer,normal
nieve,normal
nombre,normal
nubes,normal
obra,normal
oso,normal
padre,normal
palma,normal
parte,normal
pastel,normal
patio,normal
pedal,normal
planta,normal
pobre,normal
poema,normal
porte,normal
rango,normal
rapido,normal
raton,normal
romper,normal
ruido,normal
tarde,normal
tenis,normal
torta,normal
trampa,normal
tren,normal
valle,normal
viaje,normal
volar,normal
abrasar,normal
acabar,normal
añadir,normal
bajo,normal
bailar,normal
calmar,normal
crecer,normal
dedicar,normal
elevar,normal
faltar,normal
ganar,normal
hacer,normal
intento,normal
jugar,normal
limpio,normal
mirada,normal
necesario,normal
ordenar,normal
perder,normal
quitar,normal
recoger,normal
sufrir,normal
trabajo,normal
usar,normal
viajar,normal
volver,normal
absurdo,dificil
acertijo,dificil
adiccion,dificil
afliccion,dificil
agonizante,dificil
alquimista,dificil
anarquismo,dificil
antologia,dificil
apariencia,dificil
arquitecto,dificil
artesania,dificil
ascension,dificil
astrofisica,dificil
auditoria,dificil
autonomia,dificil
bicicleta,dificil
burocracia,dificil
cauteloso,dificil
circunstancia,dificil
colisionar,dificil
compensar,dificil
consciencia,dificil
contingencia,dificil
contrarrestar,dificil
cortocircuito,dificil
cosmogonia,dificil
crepusculo,dificil
cronometro,dificil
cuantificar,dificil
debilidad,dificil
depravacion,dificil
desventaja,dificil
dinamometria,dificil
disciplina,dificil
disfuncion,dificil
distorsionar,dificil
documentacion,dificil
efervescencia,dificil
electrodomestico,dificil
escepticismo,dificil
especializacion,dificil
espontaneo,dificil
establecimiento,dificil
estrangulacion,dificil
excentricidad,dificil
expedicionario,dificil
ferrocarrilero,dificil
fosforescente,dificil
fragmentacion,dificil
fugitivo,dificil
fundamento,dificil
generacion,dificil
geometrico,dificil
gesticulacion,dificil
heterogeneo,dificil
hipotetico,dificil
holografico,dificil
humanitario,dificil
ilustracion,dificil
imaginacion,dificil
imprescindible,dificil
inacabado,dificil
incorregible,dificil
indistinto,dificil
inexistente,dificil
inmunodeficiencia,dificil
interseccion,dificil
intrincado,dificil
investigacion,dificil
irreversible,dificil
jubilacion,dificil
justificacion,dificil
laberintico,dificil
lanzamiento,dificil
legitimidad,dificil
levantamiento,dificil
liberacion,dificil
longevidad,dificil
maquinista,dificil
matematico,dificil
meticulosidad,dificil
morfologico,dificil
movilizacion,dificil
murmuracion,dificil
naturalizacion,dificil
nebulosidad,dificil
nocividad,dificil
nomenclatura,dificil
normalizacion,dificil
observacion,dificil
opresivo,dificil
organizacion,dificil
paleontologia,dificil
paralizacion,dificil
perforacion,dificil
predisposicion,dificil
refrigeracion,dificil
reivindicacion,dificil
reproduccion,dificil
interdisciplinario,dificil
neurodegenerativo,dificil
polimorfismo,dificil
radioactividad,dificil
retroalimentacion,dificil
semiconductores,dificil
termodinamica,dificil
transcontinental,dificil
ultraestructura,dificil
verosimilitud,dificil
vulnerabilidad,dificil
zoogeografia,dificil
antropomorfismo,dificil
autotransfusion,dificil
circunvalacion,dificil
desmaterializacion,dificil
electroquimico,dificil
hiperactividad,dificil
incomunicacion,dificil
insustituible,dificil
abominablemente,dificil
constitucionalidad,dificil
descontextualizacion,dificil
electromagnetismo,dificil
hipersensibilidad,dificil
incomunicabilidad,dificil
internacionalizacion,dificil
multidisciplinario,dificil
neuropsicologico,dificil
polisemanticidad,dificil
radiofrecuencia,dificil
retroalimentado,dificil
semipermeabilidad,dificil
termodinamicidad,dificil
transdisciplinario,dificil
ultraestructural,dificil
biocompatibilidad,dificil
cartografia,dificil
civilizacion,dificil
climatologia,dificil
compatibilidad,dificil
computacional,dificil
contemporaneidad,dificil
contrarrevolucion,dificil
desestabilizacion,dificil
desproporcionado,dificil
electromecanico,dificil
electromovilidad,dificil
encriptamiento,dificil
epistemologia,dificil
estandarizacion,dificil
estratificacion,dificil
fotoluminiscente,dificil
geometrizacion,dificil
hiperconectividad,dificil
hipersaturacion,dificil
industrializacion,dificil
infraestructura,dificil
interdisciplinariedad,dificil
malentendido,dificil
multifuncional,dificil
multiprogramacion,dificil
neuropsiquiatria,dificil
onomatopeya,dificil
paleontologico,dificil
paramagnetismo,dificil
particularidad,dificil
perfeccionamiento,dificil
perimetral,dificil
policromatico,dificil
polifonico,dificil
predisposicion,dificil
reconstruccion,dificil
reinterpretacion,dificil
reprogramacion,dificil
retroalimentar,dificil
sobrealimentacion,dificil
sobrecualificacion,dificil
sobreexplotacion,dificil
sobrepoblacion,dificil
sobresaturacion,dificil
subdesarrollado,dificil
superconductividad,dificil
superintendencia,dificil
teledeteccion,dificil
termoelectricidad,dificil
termoluminiscencia,dificil
transnacionalidad,dificil
verosimilitud,dificil
vulnerabilidad,dificil
zoogeografia,dificil
abominablemente,dificil
constitucionalidad,dificil
descontextualizacion,dificil
electromagnetismo,dificil
hipersensibilidad,dificil
incomunicabilidad,dificil
internacionalizacion,dificil
multidisciplinario,dificil
neuropsicologico,dificil
resplandor,dificil
restauracion,dificil
sobrevalorado,dificil
subyacente,dificil
tranquilidad,dificil
transmision,dificil
aberracion,dificil
abstraccion,dificil
antropologia,dificil
autoestima,dificil
bibliografia,dificil
categorizacion,dificil
decadencia,dificil
demostracion,dificil
desarrollo,dificil
deterioro,dificil
dilatacion,dificil
elucidar,dificil
encriptacion,dificil
esquema,dificil
extrapolar,dificil
fenomeno,dificil
filosofia,dificil
hipotesis,dificil
ideologia,dificil
inercia,dificil
iniciativa,dificil
integracion,dificil
interlocutor,dificil
justicia,dificil
legislacion,dificil
metafora,dificil
metodologia,dificil
mitologia,dificil
narrativa,dificil
notacion,dificil
paradigma,dificil
paradoja,dificil
patologia,dificil
percepcion,dificil
pertenencia,dificil
perspectiva,dificil
polarizacion,dificil
posibilidad,dificil
prevision,dificil
probabilidad,dificil
proceso,dificil
proporcion,dificil
protagonista,dificil
realizacion,dificil
realidad,dificil
referencia,dificil
resiliencia,dificil
sintesis,dificil
sociologia,dificil
subjetividad,dificil
subversion,dificil
tecnologia,dificil
teoria,dificil
trascendencia,dificil
valoracion,dificil
abecedario,dificil
biodiversidad,dificil
contemporaneo,dificil
descubrimiento,dificil
electrocardiograma,dificil
fenomenologia,dificil
internacionalidad,dificil
multidimensional,dificil
neurociencia,dificil
abecedario,dificil
biodiversidad,dificil
contemporaneo,dificil
descubrimiento,dificil
electrocardiograma,dificil
fenomenologia,dificil
internacionalidad,dificil
multidimensional,dificil
neurociencia,dificil
psicoterapia,dificil
caracterizacion,dificil
desestabilizador,dificil
anticonstitucional,dificil
interrelacionado,dificil
interdisciplinario,dificil
incomprensible,dificil
intransigencia,dificil
invulnerabilidad,dificil
magnificencia,dificil
microorganismo,dificil
metodologico,dificil
metalinguistico,dificil
multiplicacion,dificil
naturalizacion,dificil
neuroplasticidad,dificil
omnipresencia,dificil
paramagnetismo,dificil
preponderancia,dificil
sobrealimentacion,dificil
sobrealimentado,dificil
sobrecarga,dificil
sobresaturacion,dificil
superconductividad,dificil
superintendencia,dificil
transdisciplinar,dificil
transgresion,dificil
transnacionalidad,dificil
ultraestructura,dificil
ultramicroscopico,dificil
verosimilitud,dificil
vulnerabilidad,dificil
zoogeografia,dificil
antropomorfismo,dificil
autotransfusion,dificil
circunvalacion,dificil
desmaterializacion,dificil
electroquimico,dificil
hiperactividad,dificil
incomunicacion,dificil
insustituible,dificil
psicoterapia,dificil
abecedario,dificil
biodiversidad,dificil
contemporaneo,dificil
descubrimiento,dificil
electrocardiograma,dificil
fenomenologia,dificil
internacionalidad,dificil
multidimensional,dificil
neurociencia,dificil
psicoterapia,dificil
caracterizacion,dificil
desestabilizador,dificil
anticonstitucional,dificil
interrelacionado,dificil
interdisciplinario,dificil
incomprensible,dificil
intransigencia,dificil
invulnerabilidad,dificil
magnificencia,dificil
microorganismo,dificil
metodologico,dificil
metalinguistico,dificil
multiplicacion,dificil
naturalizacion,dificil
neuroplasticidad,dificil
omnipresencia,dificil
paramagnetismo,dificil
preponderancia,dificil
sobrealimentacion,dificil
sobrealimentado,dificil
sobrecarga,dificil
sobresaturacion,dificil
superconductividad,dificil
superintendencia,dificil
transdisciplinar,dificil
transgresion,dificil
transnacionalidad,dificil
ultraestructura,dificil
ultramicroscopico,dificil
verosimilitud,dificil
vulnerabilidad,dificil
zoogeografia,dificil
antropomorfismo,dificil
autotransfusion,dificil
circunvalacion,dificil
desmaterializacion,dificil
electroquimico,dificil
hiperactividad,dificil
incomunicacion,dificil
insustituible,dificil
interdisciplinario,dificil
neurodegenerativo,dificil
polimorfismo,dificil
radioactividad,dificil
retroalimentacion,dificil
semiconductores,dificil
termodinamica,dificil
transcontinental,dificil
ultraestructura,dificil
verosimilitud,dificil
vulnerabilidad,dificil
zoogeografia,dificil
antropomorfismo,dificil
autotransfusion,dificil
circunvalacion,dificil
desmaterializacion,dificil
electroquimico,dificil
hiperactividad,dificil
incomunicacion,dificil
insustituible,dificil
abominablemente,dificil
constitucionalidad,dificil
descontextualizacion,dificil
electromagnetismo,dificil
hipersensibilidad,dificil
incomunicabilidad,dificil
internacionalizacion,dificil
multidisciplinario,dificil
neuropsicologico,dificil
polisemanticidad,dificil
radiofrecuencia,dificil
retroalimentado,dificil
semipermeabilidad,dificil
termodinamicidad,dificil
transdisciplinario,dificil
ultraestructural,dificil
verosimilitud,dificil
vulnerabilidad,dificil
zoogeografia,dificil
antropomorfismo,dificil
autotransfusion,dificil
circunvalacion,dificil
desmaterializacion,dificil
electroquimico,dificil
hiperactividad,dificil
incomunicacion,dificil
insustituible,dificil
abominablemente,dificil
constitucionalidad,dificil
descontextualizacion,dificil
